{
	"credit": "Hecho por RenovatedStudios",
	"textures": {
		"0": "blood_n_particles_datapack:item/bat_for_parts",
		"particle": "blood_n_particles_datapack:item/bat_for_parts"
	},
	"elements": [
		{
			"name": "wing_1",
			"from": [3.5, 4.02, 6.45],
			"to": [9.5, 12.02, 6.45],
			"rotation": {"angle": 0, "axis": "x", "origin": [5.5, 10.02, 8.45]},
			"faces": {
				"north": {"uv": [11, 0, 14, 4], "texture": "#0"},
				"south": {"uv": [8, 0, 11, 4], "texture": "#0"}
			}
		},
		{
			"name": "wing_2",
			"from": [9.5, 4.02, 6.45],
			"to": [11.5, 12.02, 6.45],
			"rotation": {"angle": 0, "axis": "x", "origin": [11.5, 10.02, 8.45]},
			"faces": {
				"north": {"uv": [8, 3.5, 7, 7.5], "texture": "#0"},
				"south": {"uv": [7, 3.5, 6, 7.5], "texture": "#0"}
			}
		}
	],
	"gui_light": "front",
	"display": {
		"thirdperson_righthand": {
			"translation": [0, 5, 0]
		},
		"thirdperson_lefthand": {
			"translation": [0, 5, 0]
		},
		"firstperson_righthand": {
			"translation": [2, 6.75, 0]
		},
		"firstperson_lefthand": {
			"translation": [2, 6.75, 0]
		},
		"ground": {
			"rotation": [-90, 0, 90],
			"translation": [-2, -1.25, 0],
			"scale": [0.8, 0.8, 0.8]
		},
		"gui": {
			"rotation": [25, -41.75, 0],
			"translation": [0.5, 2.75, 0],
			"scale": [1.2, 1.2, 1.2]
		},
		"fixed": {
			"translation": [0, 4, -3.1]
		}
	},
	"groups": [
		{
			"name": "wing",
			"origin": [7, 0, 3],
			"color": 0,
			"children": [0, 1]
		}
	]
}