{
	"credit": "Hecho por RenovatedStudios",
	"textures": {
		"0": "blood_n_particles_datapack:item/blaze_for_parts",
		"particle": "blood_n_particles_datapack:item/blaze_for_parts"
	},
	"elements": [
		{
			"name": "part1",
			"from": [4, 0.02, 6.45],
			"to": [12, 8.02, 14.45],
			"rotation": {"angle": 22.5, "axis": "z", "origin": [8, 4.02, 10.45]},
			"faces": {
				"north": {"uv": [8, 0, 12, 4], "rotation": 90, "texture": "#0"},
				"east": {"uv": [12, 4, 16, 8], "rotation": 270, "texture": "#0"},
				"south": {"uv": [4, 4, 8, 0], "rotation": 270, "texture": "#0"},
				"west": {"uv": [4, 8, 8, 4], "rotation": 270, "texture": "#0"},
				"up": {"uv": [4, 8, 0, 4], "texture": "#0"},
				"down": {"uv": [8, 4, 12, 8], "texture": "#0"}
			}
		}
	],
	"gui_light": "front",
	"display": {
		"thirdperson_righthand": {
			"translation": [0, 5, 0]
		},
		"thirdperson_lefthand": {
			"translation": [0, 5, 0]
		},
		"firstperson_righthand": {
			"translation": [2, 6.75, 0]
		},
		"firstperson_lefthand": {
			"translation": [2, 6.75, 0]
		},
		"ground": {
			"rotation": [-90, 0, 90],
			"translation": [-2, -2.25, 0],
			"scale": [0.8, 0.8, 0.8]
		},
		"gui": {
			"rotation": [25, -41.75, 0],
			"translation": [0.5, 2.75, 0],
			"scale": [1.2, 1.2, 1.2]
		},
		"fixed": {
			"translation": [0, 4, -3.1]
		}
	},
	"groups": [
		{
			"name": "parts",
			"origin": [7, 0, 3],
			"color": 0,
			"children": [0]
		}
	]
}