{
	"credit": "Hecho por RenovatedStudios",
	"textures": {
		"0": "blood_n_particles_datapack:item/phantom_for_parts",
		"particle": "blood_n_particles_datapack:item/phantom_for_parts"
	},
	"elements": [
		{
			"name": "wing_1",
			"from": [-13.76, 13.02, 7.45],
			"to": [-0.76, 22.02, 7.45],
			"rotation": {"angle": -22.5, "axis": "z", "origin": [-5.755, 15.27, 7.95]},
			"faces": {
				"north": {"uv": [9.5, 6, 12.75, 8.25], "texture": "#0"},
				"south": {"uv": [12.75, 6, 9.5, 8.25], "texture": "#0"}
			}
		},
		{
			"name": "wing_2",
			"from": [-13.76, 13.02, 8.45],
			"to": [-0.76, 22.02, 8.45],
			"rotation": {"angle": -22.5, "axis": "z", "origin": [-5.755, 15.27, 7.95]},
			"faces": {
				"north": {"uv": [6.25, 6, 9.5, 8.25], "texture": "#0"},
				"south": {"uv": [9.5, 6, 6.25, 8.25], "texture": "#0"}
			}
		},
		{
			"name": "wing_3",
			"from": [-13.76, 13.02, 7.45],
			"to": [-0.76, 13.02, 8.45],
			"rotation": {"angle": -22.5, "axis": "z", "origin": [-5.755, 15.27, 7.95]},
			"faces": {
				"up": {"uv": [6.25, 8.5, 9.5, 8.25], "texture": "#0"},
				"down": {"uv": [6.25, 8.5, 9.5, 8.25], "texture": "#0"}
			}
		},
		{
			"name": "wing_4",
			"from": [-13.76, 13.02, 7.45],
			"to": [-13.76, 22.02, 8.45],
			"rotation": {"angle": -22.5, "axis": "z", "origin": [-5.755, 15.27, 7.95]},
			"faces": {
				"east": {"uv": [11.75, 8.25, 9.5, 8.5], "rotation": 90, "texture": "#0"},
				"west": {"uv": [11.75, 8.25, 9.5, 8.5], "rotation": 90, "texture": "#0"}
			}
		},
		{
			"name": "wing_part2",
			"from": [-0.75, 13.02, 6.45],
			"to": [5.25, 22.02, 8.45],
			"rotation": {"angle": -22.5, "axis": "z", "origin": [-5.755, 15.27, 7.95]},
			"faces": {
				"north": {"uv": [9.5, 3, 11, 5.25], "texture": "#0"},
				"east": {"uv": [5.75, 5.75, 8, 5.25], "rotation": 90, "texture": "#0"},
				"south": {"uv": [9.5, 3, 8, 5.25], "texture": "#0"},
				"west": {"uv": [11.75, 5.25, 9.5, 5.75], "rotation": 90, "texture": "#0"},
				"up": {"uv": [11.75, 5.25, 13.25, 5.75], "texture": "#0"},
				"down": {"uv": [9.5, 5.25, 8, 5.75], "texture": "#0"}
			}
		},
		{
			"name": "wing_2",
			"from": [10.25, 0.02, 7.45],
			"to": [23.25, 9.02, 7.45],
			"rotation": {"angle": 45, "axis": "z", "origin": [13.245, 4.77, 7.95]},
			"faces": {
				"north": {"uv": [9.5, 8.25, 12.75, 6], "rotation": 180, "texture": "#0"},
				"south": {"uv": [12.75, 8.25, 9.5, 6], "rotation": 180, "texture": "#0"}
			}
		},
		{
			"name": "wing_3",
			"from": [10.25, 0.02, 8.45],
			"to": [23.25, 9.02, 8.45],
			"rotation": {"angle": 45, "axis": "z", "origin": [13.245, 4.77, 7.95]},
			"faces": {
				"north": {"uv": [6.25, 8.25, 9.5, 6], "rotation": 180, "texture": "#0"},
				"south": {"uv": [9.5, 8.25, 6.25, 6], "rotation": 180, "texture": "#0"}
			}
		},
		{
			"name": "wing_4",
			"from": [12.825, -2.73, 7.45],
			"to": [31.85, -2.73, 8.45],
			"rotation": {"angle": 45, "axis": "z", "origin": [14.245, -6.98, 7.95]},
			"faces": {
				"up": {"uv": [6.25, 8.5, 9.5, 8.25], "rotation": 180, "texture": "#0"},
				"down": {"uv": [6.25, 8.5, 9.5, 8.25], "rotation": 180, "texture": "#0"}
			}
		},
		{
			"name": "wing_5",
			"from": [23.25, 0.02, 7.45],
			"to": [23.25, 9.02, 8.45],
			"rotation": {"angle": 45, "axis": "z", "origin": [13.245, 4.77, 7.95]},
			"faces": {
				"east": {"uv": [11.75, 8.25, 9.5, 8.5], "rotation": 270, "texture": "#0"},
				"west": {"uv": [11.75, 8.25, 9.5, 8.5], "rotation": 270, "texture": "#0"}
			}
		},
		{
			"name": "wing_part3",
			"from": [4.24, 0.02, 6.45],
			"to": [10.24, 9.02, 8.45],
			"rotation": {"angle": 45, "axis": "z", "origin": [13.245, 4.77, 7.95]},
			"faces": {
				"north": {"uv": [9.5, 5.25, 11, 3], "rotation": 180, "texture": "#0"},
				"east": {"uv": [11.75, 5.25, 9.5, 5.75], "rotation": 270, "texture": "#0"},
				"south": {"uv": [9.5, 5.25, 8, 3], "rotation": 180, "texture": "#0"},
				"west": {"uv": [8, 5.75, 5.75, 5.25], "rotation": 270, "texture": "#0"},
				"up": {"uv": [11.75, 5.75, 13.25, 5.25], "rotation": 180, "texture": "#0"},
				"down": {"uv": [9.5, 5.75, 8, 5.25], "rotation": 180, "texture": "#0"}
			}
		}
	],
	"gui_light": "front",
	"display": {
		"thirdperson_righthand": {
			"translation": [0, 5, 0]
		},
		"thirdperson_lefthand": {
			"translation": [0, 5, 0]
		},
		"firstperson_righthand": {
			"translation": [2, 6.75, 0]
		},
		"firstperson_lefthand": {
			"translation": [2, 6.75, 0]
		},
		"ground": {
			"rotation": [-90, 0, 90],
			"translation": [-2, -1.25, 0],
			"scale": [0.8, 0.8, 0.8]
		},
		"gui": {
			"rotation": [25, -41.75, 0],
			"translation": [0.5, 2.75, 0],
			"scale": [1.2, 1.2, 1.2]
		},
		"fixed": {
			"translation": [0, 4, -3.1]
		}
	},
	"groups": [
		{
			"name": "wing1",
			"origin": [8, 8, 8],
			"color": 0,
			"children": [
				{
					"name": "wing",
					"origin": [7, 0, 3],
					"color": 0,
					"children": [0, 1, 2, 3, 4]
				}
			]
		},
		{
			"name": "wing2",
			"origin": [8, 8, 8],
			"color": 0,
			"children": [
				{
					"name": "wing",
					"origin": [7, 0, 3],
					"color": 0,
					"children": [5, 6, 7, 8, 9]
				}
			]
		}
	]
}