{
	"credit": "Hecho por RenovatedStudios",
	"textures": {
		"0": "blood_n_particles_datapack:item/witch_for_parts",
		"particle": "blood_n_particles_datapack:item/witch_for_parts"
	},
	"elements": [
		{
			"name": "hat_part1",
			"from": [3, 0.02, 6.45],
			"to": [13, 10.02, 8.45],
			"rotation": {"angle": 0, "axis": "x", "origin": [8, 5.02, 8.45]},
			"faces": {
				"north": {"uv": [2.5, 8, 3.75, 9.25], "texture": "#0"},
				"east": {"uv": [3.75, 9.5, 5, 9.25], "rotation": 90, "texture": "#0"},
				"south": {"uv": [1.25, 8, 2.5, 9.25], "texture": "#0"},
				"west": {"uv": [0, 9.25, 1.25, 9.5], "rotation": 90, "texture": "#0"},
				"up": {"uv": [0, 9.5, 1.25, 9.25], "texture": "#0"},
				"down": {"uv": [2.5, 9.25, 3.75, 9.5], "texture": "#0"}
			}
		},
		{
			"name": "hat_part2",
			"from": [4.5, 1.52, 8.45],
			"to": [11.5, 8.52, 12.45],
			"rotation": {"angle": 0, "axis": "x", "origin": [8, 5.02, 10.45]},
			"faces": {
				"north": {"uv": [2.5, 8, 3.75, 9.25], "texture": "#0"},
				"east": {"uv": [1.75, 10.875, 2.625, 10.375], "rotation": 90, "texture": "#0"},
				"south": {"uv": [0.875, 9.5, 1.75, 10.375], "texture": "#0"},
				"west": {"uv": [0, 10.375, 0.875, 10.875], "rotation": 90, "texture": "#0"},
				"up": {"uv": [0.875, 10.875, 1.75, 10.375], "texture": "#0"},
				"down": {"uv": [2.625, 10.375, 3.5, 10.875], "texture": "#0"}
			}
		},
		{
			"name": "hat_part3",
			"from": [6, 2.645, 11.45],
			"to": [10, 6.645, 15.45],
			"rotation": {"angle": 22.5, "axis": "x", "origin": [8, 4.645, 13.45]},
			"faces": {
				"north": {"uv": [2.5, 8, 3.75, 9.25], "texture": "#0"},
				"east": {"uv": [0.5, 11.875, 1, 11.375], "rotation": 90, "texture": "#0"},
				"south": {"uv": [0.5, 10.875, 1, 11.375], "texture": "#0"},
				"west": {"uv": [0, 11.375, 0.5, 11.875], "rotation": 90, "texture": "#0"},
				"up": {"uv": [1, 11.875, 1.5, 11.375], "texture": "#0"},
				"down": {"uv": [1.5, 11.375, 2, 11.875], "texture": "#0"}
			}
		},
		{
			"name": "hat_part4",
			"from": [7, 1.77, 14.45],
			"to": [9, 3.77, 17.45],
			"rotation": {"angle": 45, "axis": "x", "origin": [8, 2.77, 16.45]},
			"faces": {
				"north": {"uv": [2.5, 8, 3.75, 9.25], "texture": "#0"},
				"east": {"uv": [0, 12.25, 0.125, 12], "rotation": 90, "texture": "#0"},
				"south": {"uv": [0.125, 11.875, 0.25, 12], "texture": "#0"},
				"west": {"uv": [0.25, 12, 0.375, 12.25], "rotation": 90, "texture": "#0"},
				"up": {"uv": [0.125, 12.25, 0.25, 12], "texture": "#0"},
				"down": {"uv": [0.25, 12, 0.375, 12.25], "texture": "#0"}
			}
		}
	],
	"gui_light": "front",
	"display": {
		"thirdperson_righthand": {
			"translation": [0, 5, 0]
		},
		"thirdperson_lefthand": {
			"translation": [0, 5, 0]
		},
		"firstperson_righthand": {
			"translation": [2, 6.75, 0]
		},
		"firstperson_lefthand": {
			"translation": [2, 6.75, 0]
		},
		"ground": {
			"rotation": [-90, 0, 90],
			"translation": [-2, -2.25, 0],
			"scale": [0.8, 0.8, 0.8]
		},
		"gui": {
			"rotation": [25, -41.75, 0],
			"translation": [0.5, 2.75, 0],
			"scale": [1.2, 1.2, 1.2]
		},
		"fixed": {
			"translation": [0, 4, -3.1]
		}
	},
	"groups": [
		{
			"name": "hat",
			"origin": [7, 0, 3],
			"color": 0,
			"children": [0, 1, 2, 3]
		}
	]
}