{
	"credit": "Hecho por RenovatedStudios",
	"textures": {
		"1": "item/feather"
	},
	"elements": [
		{
			"name": "part1",
			"from": [6.5, 4.27, 6.45],
			"to": [10.5, 8.27, 6.45],
			"rotation": {"angle": 0, "axis": "y", "origin": [8.5, 2.27, 8.45]},
			"faces": {
				"north": {"uv": [16, 0, 0, 16], "texture": "#1"},
				"south": {"uv": [0, 0, 16, 16], "texture": "#1"}
			}
		},
		{
			"name": "part2",
			"from": [9, 3.02, 6.45],
			"to": [13, 7.02, 6.45],
			"rotation": {"angle": 45, "axis": "z", "origin": [11, 5.02, 6.45]},
			"faces": {
				"north": {"uv": [16, 0, 0, 16], "texture": "#1"},
				"south": {"uv": [0, 0, 16, 16], "texture": "#1"}
			}
		},
		{
			"name": "part3",
			"from": [5.5, 0.02, 6.45],
			"to": [9.5, 4.02, 6.45],
			"rotation": {"angle": 22.5, "axis": "z", "origin": [7.5, 2.02, 6.45]},
			"faces": {
				"north": {"uv": [16, 0, 0, 16], "texture": "#1"},
				"south": {"uv": [0, 0, 16, 16], "texture": "#1"}
			}
		},
		{
			"name": "part3",
			"from": [10.25, 6.77, 6.45],
			"to": [14.25, 10.77, 6.45],
			"rotation": {"angle": -22.5, "axis": "z", "origin": [12.25, 8.77, 6.45]},
			"faces": {
				"north": {"uv": [16, 0, 0, 16], "rotation": 270, "texture": "#1"},
				"south": {"uv": [0, 0, 16, 16], "rotation": 90, "texture": "#1"}
			}
		},
		{
			"name": "part4",
			"from": [6.25, 7.02, 6.45],
			"to": [10.25, 11.02, 6.45],
			"rotation": {"angle": -22.5, "axis": "z", "origin": [8.25, 9.02, 6.45]},
			"faces": {
				"north": {"uv": [16, 0, 0, 16], "texture": "#1"},
				"south": {"uv": [0, 0, 16, 16], "texture": "#1"}
			}
		},
		{
			"name": "part2",
			"from": [3, 3.02, 6.45],
			"to": [7, 7.02, 6.45],
			"rotation": {"angle": 22.5, "axis": "z", "origin": [5, 5.02, 6.45]},
			"faces": {
				"north": {"uv": [16, 0, 0, 16], "rotation": 270, "texture": "#1"},
				"south": {"uv": [0, 0, 16, 16], "rotation": 90, "texture": "#1"}
			}
		},
		{
			"name": "part3",
			"from": [3.5, 6.52, 6.45],
			"to": [7.5, 10.52, 6.45],
			"rotation": {"angle": 45, "axis": "z", "origin": [5.5, 8.52, 6.45]},
			"faces": {
				"north": {"uv": [16, 0, 0, 16], "rotation": 180, "texture": "#1"},
				"south": {"uv": [0, 0, 16, 16], "rotation": 180, "texture": "#1"}
			}
		}
	],
	"gui_light": "front",
	"display": {
		"thirdperson_righthand": {
			"translation": [0, 5, 0]
		},
		"thirdperson_lefthand": {
			"translation": [0, 5, 0]
		},
		"firstperson_righthand": {
			"translation": [2, 6.75, 0]
		},
		"firstperson_lefthand": {
			"translation": [2, 6.75, 0]
		},
		"ground": {
			"rotation": [-90, 0, 90],
			"translation": [-0.25, -1, 0]
		},
		"gui": {
			"rotation": [25, -41.75, 0],
			"translation": [0.5, 2.75, 0],
			"scale": [1.2, 1.2, 1.2]
		},
		"fixed": {
			"translation": [0, 4, -3.1]
		}
	},
	"groups": [
		{
			"name": "parts",
			"origin": [7, 0, 3],
			"color": 0,
			"children": [0, 1, 2, 3, 4, 5, 6]
		}
	]
}