{
	"credit": "Hecho por RenovatedStudios",
	"textures": {
		"1": "blood_n_particles_datapack:item/iron_golem_parts",
		"2": "block/poppy",
		"particle": "block/poppy"
	},
	"elements": [
		{
			"from": [1, 7, 6.45],
			"to": [21, 13, 10.45],
			"rotation": {"angle": -22.5, "axis": "z", "origin": [8, 10, 9.45]},
			"faces": {
				"north": {"uv": [8.75, 3.375, 9.5, 5.875], "rotation": 270, "texture": "#1"},
				"east": {"uv": [8.25, 2.625, 8.75, 3.375], "rotation": 180, "texture": "#1"},
				"south": {"uv": [7.5, 3.375, 8.25, 5.875], "rotation": 90, "texture": "#1"},
				"west": {"uv": [8.75, 2.625, 9.25, 3.375], "rotation": 180, "texture": "#1"},
				"up": {"uv": [8.25, 3.375, 8.75, 5.875], "rotation": 90, "texture": "#1"},
				"down": {"uv": [9.5, 3.375, 10, 5.875], "rotation": 90, "texture": "#1"}
			}
		},
		{
			"from": [5, -0.5, 8.95],
			"to": [11, 15.75, 12.95],
			"rotation": {"angle": 22.5, "axis": "x", "origin": [8, 6.75, 11.95]},
			"faces": {
				"north": {"uv": [7.5, 8, 8.25, 10.03125], "texture": "#1"},
				"east": {"uv": [9.5, 8, 10, 10.03125], "texture": "#1"},
				"south": {"uv": [8.75, 8, 9.5, 10.03125], "texture": "#1"},
				"west": {"uv": [8.25, 8, 8.75, 10.03125], "texture": "#1"},
				"up": {"uv": [8.25, 7.25, 8.75, 8], "rotation": 90, "texture": "#1"},
				"down": {"uv": [8.75, 7.25, 9.25, 8], "rotation": 90, "texture": "#1"}
			}
		},
		{
			"from": [8, 5.53418, 14.08967],
			"to": [8, 19.53418, 28.08967],
			"rotation": {"angle": 45, "axis": "z", "origin": [8, 12.53418, 21.08967]},
			"faces": {
				"east": {"uv": [0, 0, 16, 16], "rotation": 270, "texture": "#2"},
				"west": {"uv": [16, 16, 0, 0], "rotation": 270, "texture": "#2"}
			}
		},
		{
			"from": [8, 5.53418, 14.08967],
			"to": [8, 19.53418, 28.08967],
			"rotation": {"angle": -45, "axis": "z", "origin": [8, 12.53418, 21.08967]},
			"faces": {
				"east": {"uv": [16, 16, 0, 0], "rotation": 90, "texture": "#2"},
				"west": {"uv": [0, 0, 16, 16], "rotation": 90, "texture": "#2"}
			}
		}
	],
	"gui_light": "front",
	"display": {
		"thirdperson_righthand": {
			"translation": [0, 5, 0]
		},
		"thirdperson_lefthand": {
			"translation": [0, 5, 0]
		},
		"firstperson_righthand": {
			"translation": [2, 6.75, 0]
		},
		"firstperson_lefthand": {
			"translation": [2, 6.75, 0]
		},
		"ground": {
			"rotation": [-90, 0, 90],
			"translation": [-2, -2.25, 0],
			"scale": [0.8, 0.8, 0.8]
		},
		"gui": {
			"rotation": [25, -41.75, 0],
			"translation": [0.5, 2.75, 0],
			"scale": [1.2, 1.2, 1.2]
		},
		"fixed": {
			"translation": [0, 4, -3.1]
		}
	},
	"groups": [
		0,
		1,
		{
			"name": "poppy",
			"origin": [8, 6.75, 11.95],
			"color": 0,
			"children": [2, 3]
		}
	]
}