{
	"credit": "Hecho por RenovatedStudios",
	"textures": {
		"1": "blood_n_particles_datapack:item/bloods/blood_phantom4"
	},
	"elements": [
		{
			"name": "drop1",
			"from": [6, 3, 9],
			"to": [8, 5, 11],
			"rotation": {"angle": 0, "axis": "y", "origin": [6, 3, 9]},
			"faces": {
				"north": {"uv": [8.25, 8.25, 9.25, 9.25], "texture": "#1"},
				"east": {"uv": [7, 8.25, 8, 9.25], "texture": "#1"},
				"south": {"uv": [7, 8, 8, 9], "texture": "#1"},
				"west": {"uv": [7.25, 8, 8.25, 9], "texture": "#1"},
				"up": {"uv": [7.25, 8.5, 8.25, 9.5], "texture": "#1"},
				"down": {"uv": [7.25, 7, 8.25, 8], "texture": "#1"}
			}
		},
		{
			"name": "drop2",
			"from": [8, 2, 5.5],
			"to": [9.5, 3.5, 7],
			"rotation": {"angle": 0, "axis": "y", "origin": [8, 2, 5]},
			"faces": {
				"north": {"uv": [8.25, 7.25, 9.25, 8.25], "texture": "#1"},
				"east": {"uv": [7.25, 8.25, 8.25, 9.25], "texture": "#1"},
				"south": {"uv": [7, 7.75, 8, 8.75], "texture": "#1"},
				"west": {"uv": [7.25, 8, 8.25, 9], "texture": "#1"},
				"up": {"uv": [7.25, 7.75, 8.25, 8.75], "texture": "#1"},
				"down": {"uv": [7.75, 7.5, 8.75, 8.5], "texture": "#1"}
			}
		},
		{
			"name": "drop3",
			"from": [10, 0.5, 8],
			"to": [11, 1.5, 9],
			"rotation": {"angle": 0, "axis": "y", "origin": [10, 0.5, 7]},
			"faces": {
				"north": {"uv": [8.25, 7.5, 9.25, 8.5], "texture": "#1"},
				"east": {"uv": [7.25, 7.75, 8.25, 8.75], "texture": "#1"},
				"south": {"uv": [6.75, 8.25, 7.75, 9.25], "texture": "#1"},
				"west": {"uv": [7.25, 8, 8.25, 9], "texture": "#1"},
				"up": {"uv": [7.25, 8, 8.25, 9], "texture": "#1"},
				"down": {"uv": [7.25, 7, 8.25, 8], "texture": "#1"}
			}
		}
	],
	"display": {
		"thirdperson_righthand": {
			"translation": [0, 5, 0]
		},
		"thirdperson_lefthand": {
			"translation": [0, 5, 0]
		},
		"firstperson_righthand": {
			"translation": [2, 6.75, 0]
		},
		"firstperson_lefthand": {
			"translation": [2, 6.75, 0]
		},
		"ground": {
			"rotation": [-180, 0, 0],
			"translation": [0, -3.5, 0],
			"scale": [0.8, 0.8, 0.8]
		},
		"gui": {
			"rotation": [25, -41.75, 0],
			"translation": [1, 10, 0],
			"scale": [2, 2, 2]
		},
		"fixed": {
			"translation": [0, 6, -1.5]
		}
	}
}