{
	"credit": "Hecho por RenovatedStudios",
	"textures": {
		"0": "blood_n_particles_datapack:item/phantom_for_parts",
		"particle": "blood_n_particles_datapack:item/phantom_for_parts"
	},
	"elements": [
		{
			"name": "wing_1",
			"from": [-1.51, 4.02, 7.45],
			"to": [11.49, 13.02, 7.45],
			"rotation": {"angle": 0, "axis": "y", "origin": [7.5, 10.02, 9.45]},
			"faces": {
				"north": {"uv": [9.5, 6, 12.75, 8.25], "texture": "#0"},
				"south": {"uv": [12.75, 6, 9.5, 8.25], "texture": "#0"}
			}
		},
		{
			"name": "wing_2",
			"from": [-1.51, 4.02, 8.45],
			"to": [11.49, 13.02, 8.45],
			"rotation": {"angle": 0, "axis": "y", "origin": [7.5, 10.02, 9.45]},
			"faces": {
				"north": {"uv": [6.25, 6, 9.5, 8.25], "texture": "#0"},
				"south": {"uv": [9.5, 6, 6.25, 8.25], "texture": "#0"}
			}
		},
		{
			"name": "wing_3",
			"from": [-1.51, 4.02, 7.45],
			"to": [11.49, 4.02, 8.45],
			"rotation": {"angle": 0, "axis": "y", "origin": [7.5, 10.02, 9.45]},
			"faces": {
				"up": {"uv": [6.25, 8.5, 9.5, 8.25], "texture": "#0"},
				"down": {"uv": [6.25, 8.5, 9.5, 8.25], "texture": "#0"}
			}
		},
		{
			"name": "wing_4",
			"from": [-1.51, 4.02, 7.45],
			"to": [-1.51, 13.02, 8.45],
			"rotation": {"angle": 0, "axis": "y", "origin": [7.5, 10.02, 9.45]},
			"faces": {
				"east": {"uv": [11.75, 8.25, 9.5, 8.5], "rotation": 90, "texture": "#0"},
				"west": {"uv": [11.75, 8.25, 9.5, 8.5], "rotation": 90, "texture": "#0"}
			}
		},
		{
			"name": "wing_part2",
			"from": [11.5, 4.02, 6.45],
			"to": [17.5, 13.02, 8.45],
			"rotation": {"angle": 0, "axis": "x", "origin": [20.5, 10.02, 8.45]},
			"faces": {
				"north": {"uv": [9.5, 3, 11, 5.25], "texture": "#0"},
				"east": {"uv": [5.75, 5.75, 8, 5.25], "rotation": 90, "texture": "#0"},
				"south": {"uv": [9.5, 3, 8, 5.25], "texture": "#0"},
				"west": {"uv": [11.75, 5.25, 9.5, 5.75], "rotation": 90, "texture": "#0"},
				"up": {"uv": [11.75, 5.25, 13.25, 5.75], "texture": "#0"},
				"down": {"uv": [9.5, 5.25, 8, 5.75], "texture": "#0"}
			}
		}
	],
	"gui_light": "front",
	"display": {
		"thirdperson_righthand": {
			"translation": [0, 5, 0]
		},
		"thirdperson_lefthand": {
			"translation": [0, 5, 0]
		},
		"firstperson_righthand": {
			"translation": [2, 6.75, 0]
		},
		"firstperson_lefthand": {
			"translation": [2, 6.75, 0]
		},
		"ground": {
			"rotation": [-90, 0, 90],
			"translation": [-2, -1.25, 0],
			"scale": [0.8, 0.8, 0.8]
		},
		"gui": {
			"rotation": [25, -41.75, 0],
			"translation": [0.5, 2.75, 0],
			"scale": [1.2, 1.2, 1.2]
		},
		"fixed": {
			"translation": [0, 4, -3.1]
		}
	},
	"groups": [
		{
			"name": "wing1",
			"origin": [8, 8, 8],
			"color": 0,
			"children": [
				{
					"name": "wing",
					"origin": [7, 0, 3],
					"color": 0,
					"children": [0, 1, 2, 3, 4]
				}
			]
		}
	]
}