{
	"credit": "Hecho por RenovatedStudios",
	"textures": {
		"0": "blood_n_particles_datapack:item/piglin_for_parts",
		"particle": "blood_n_particles_datapack:item/piglin_for_parts"
	},
	"elements": [
		{
			"from": [7, 4.02, 6.45],
			"to": [11, 8.02, 7.45],
			"rotation": {"angle": 0, "axis": "y", "origin": [8, 4, 6.5]},
			"faces": {
				"north": {"uv": [9.25, 0.5, 10.25, 1.5], "texture": "#0"},
				"east": {"uv": [9, 0.5, 9.25, 1.5], "texture": "#0"},
				"south": {"uv": [8, 0.5, 9, 1.5], "texture": "#0"},
				"west": {"uv": [7.75, 0.5, 8, 1.5], "texture": "#0"},
				"up": {"uv": [8, 0.25, 9, 0.5], "texture": "#0"},
				"down": {"uv": [9, 0.25, 10, 0.5], "texture": "#0"}
			}
		},
		{
			"from": [-1, 6.98, 6.45],
			"to": [3, 11.98, 7.45],
			"rotation": {"angle": 0, "axis": "z", "origin": [2, 11, 6.5]},
			"faces": {
				"north": {"uv": [11, 2.5, 12, 3.75], "rotation": 180, "texture": "#0"},
				"east": {"uv": [12, 2.5, 12.25, 3.75], "rotation": 180, "texture": "#0"},
				"south": {"uv": [9.75, 2.5, 10.75, 3.75], "rotation": 180, "texture": "#0"},
				"west": {"uv": [10.75, 2.5, 11, 3.75], "rotation": 180, "texture": "#0"},
				"up": {"uv": [10.75, 1.5, 11, 2.5], "rotation": 180, "texture": "#0"},
				"down": {"uv": [11, 1.5, 11.25, 2.5], "rotation": 180, "texture": "#0"}
			}
		},
		{
			"from": [14.02, -1, 6.45],
			"to": [19.02, 3, 7.45],
			"rotation": {"angle": -45, "axis": "z", "origin": [15, 2, 6.5]},
			"faces": {
				"north": {"uv": [11, 2.5, 12, 3.75], "rotation": 270, "texture": "#0"},
				"east": {"uv": [11, 1.5, 11.25, 2.5], "rotation": 90, "texture": "#0"},
				"south": {"uv": [9.75, 2.5, 10.75, 3.75], "rotation": 90, "texture": "#0"},
				"west": {"uv": [10.75, 1.5, 11, 2.5], "rotation": 90, "texture": "#0"},
				"up": {"uv": [12, 2.5, 12.25, 3.75], "rotation": 90, "texture": "#0"},
				"down": {"uv": [10.75, 2.5, 11, 3.75], "rotation": 90, "texture": "#0"}
			}
		},
		{
			"from": [11, 4.02, 6.45],
			"to": [12, 6.02, 7.45],
			"rotation": {"angle": 0, "axis": "y", "origin": [12, 4, 6.5]},
			"faces": {
				"north": {"uv": [1.25, 0.25, 1.5, 0.75], "texture": "#0"},
				"east": {"uv": [1, 0.25, 1.25, 0.75], "texture": "#0"},
				"south": {"uv": [0.75, 0.25, 1, 0.75], "texture": "#0"},
				"west": {"uv": [0.5, 0.25, 0.75, 0.75], "texture": "#0"},
				"up": {"uv": [0.75, 0, 1, 0.25], "texture": "#0"},
				"down": {"uv": [1, 0, 1.25, 0.25], "texture": "#0"}
			}
		},
		{
			"from": [6, 4.02, 6.45],
			"to": [7, 6.02, 7.45],
			"rotation": {"angle": 0, "axis": "y", "origin": [7, 4, 6.5]},
			"faces": {
				"north": {"uv": [1.25, 0.25, 1.5, 0.75], "texture": "#0"},
				"east": {"uv": [1, 0.25, 1.25, 0.75], "texture": "#0"},
				"south": {"uv": [0.75, 0.25, 1, 0.75], "texture": "#0"},
				"west": {"uv": [0.5, 0.25, 0.75, 0.75], "texture": "#0"},
				"up": {"uv": [0.75, 0, 1, 0.25], "texture": "#0"},
				"down": {"uv": [1, 0, 1.25, 0.25], "texture": "#0"}
			}
		}
	],
	"gui_light": "front",
	"display": {
		"thirdperson_righthand": {
			"translation": [0, 5, 0]
		},
		"thirdperson_lefthand": {
			"translation": [0, 5, 0]
		},
		"firstperson_righthand": {
			"translation": [2, 6.75, 0]
		},
		"firstperson_lefthand": {
			"translation": [2, 6.75, 0]
		},
		"ground": {
			"rotation": [-90, 0, 90],
			"translation": [-2, -1, 0],
			"scale": [0.8, 0.8, 0.8]
		},
		"gui": {
			"rotation": [25, -41.75, 0],
			"translation": [0.5, 2.75, 0],
			"scale": [1.2, 1.2, 1.2]
		},
		"fixed": {
			"translation": [0, 4, -3.1]
		}
	},
	"groups": [
		{
			"name": "nariz",
			"origin": [7, 0, 3],
			"color": 0,
			"children": [0, 1, 2, 3, 4]
		}
	]
}