{
	"credit": "Hecho por RenovatedStudios",
	"textures": {
		"0": "block/slime_block",
		"1": "item/slime_blood_size2",
		"particle": "block/slime_block"
	},
	"elements": [
		{
			"name": "cubo_afuera",
			"from": [8.5, 5.02, 6.45],
			"to": [10.5, 7.02, 8.45],
			"rotation": {"angle": 22.5, "axis": "z", "origin": [9.5, 6.02, 7.95]},
			"faces": {
				"north": {"uv": [3, 13, 13, 3], "rotation": 180, "texture": "#0"},
				"east": {"uv": [3, 13, 13, 3], "rotation": 180, "texture": "#0"},
				"south": {"uv": [3, 13, 13, 3], "rotation": 180, "texture": "#0"},
				"west": {"uv": [3, 13, 13, 3], "rotation": 180, "texture": "#0"},
				"up": {"uv": [3, 13, 13, 3], "rotation": 180, "texture": "#0"},
				"down": {"uv": [3, 13, 13, 3], "rotation": 180, "texture": "#0"}
			}
		},
		{
			"name": "cubo_adentro",
			"from": [9, 5.52, 6.95],
			"to": [10, 6.52, 7.95],
			"rotation": {"angle": 22.5, "axis": "z", "origin": [9.5, 6.02, 7.95]},
			"faces": {
				"north": {"uv": [3, 13, 13, 3], "rotation": 180, "texture": "#0"},
				"east": {"uv": [3, 13, 13, 3], "rotation": 180, "texture": "#0"},
				"south": {"uv": [3, 13, 13, 3], "rotation": 180, "texture": "#0"},
				"west": {"uv": [3, 13, 13, 3], "rotation": 180, "texture": "#0"},
				"up": {"uv": [3, 13, 13, 3], "rotation": 180, "texture": "#0"},
				"down": {"uv": [3, 13, 13, 3], "rotation": 180, "texture": "#0"}
			}
		},
		{
			"name": "cubo_afuera",
			"from": [6.5, 9.52, 6.45],
			"to": [7.5, 10.52, 7.45],
			"rotation": {"angle": -45, "axis": "z", "origin": [7, 10.02, 8.45]},
			"faces": {
				"north": {"uv": [5, 11, 11, 5], "rotation": 180, "texture": "#0"},
				"east": {"uv": [5, 11, 11, 5], "rotation": 180, "texture": "#0"},
				"south": {"uv": [5, 11, 11, 5], "rotation": 180, "texture": "#0"},
				"west": {"uv": [5, 11, 11, 5], "rotation": 180, "texture": "#0"},
				"up": {"uv": [5, 11, 11, 5], "rotation": 180, "texture": "#0"},
				"down": {"uv": [5, 11, 11, 5], "rotation": 180, "texture": "#0"}
			}
		},
		{
			"name": "cubo_adentro",
			"from": [3, 8.02, 6.95],
			"to": [3, 8.02, 6.95],
			"rotation": {"angle": 22.5, "axis": "z", "origin": [3, 8.02, 8.45]},
			"faces": {
				"north": {"uv": [5, 11, 11, 5], "rotation": 180, "texture": "#0"},
				"east": {"uv": [5, 11, 11, 5], "rotation": 180, "texture": "#0"},
				"south": {"uv": [5, 11, 11, 5], "rotation": 180, "texture": "#0"},
				"west": {"uv": [5, 11, 11, 5], "rotation": 180, "texture": "#0"},
				"up": {"uv": [5, 11, 11, 5], "rotation": 180, "texture": "#0"},
				"down": {"uv": [5, 11, 11, 5], "rotation": 180, "texture": "#0"}
			}
		},
		{
			"name": "splash",
			"from": [3, 1.52, 6.43],
			"to": [15, 13.52, 6.43],
			"rotation": {"angle": 0, "axis": "y", "origin": [9, 7.52, 8.45]},
			"faces": {
				"north": {"uv": [0, 0, 16, 16], "rotation": 180, "texture": "#1"},
				"east": {"uv": [0, 16, 16, 0], "rotation": 180, "texture": "#0"},
				"south": {"uv": [16, 0, 0, 16], "rotation": 180, "texture": "#1"},
				"west": {"uv": [0, 16, 16, 0], "rotation": 180, "texture": "#0"},
				"up": {"uv": [0, 16, 16, 0], "rotation": 180, "texture": "#0"},
				"down": {"uv": [0, 16, 16, 0], "rotation": 180, "texture": "#0"}
			}
		}
	],
	"gui_light": "front",
	"display": {
		"thirdperson_righthand": {
			"translation": [0, 5, 0]
		},
		"thirdperson_lefthand": {
			"translation": [0, 5, 0]
		},
		"firstperson_righthand": {
			"translation": [2, 6.75, 0]
		},
		"firstperson_lefthand": {
			"translation": [2, 6.75, 0]
		},
		"ground": {
			"rotation": [-90, 0, 90],
			"translation": [-2, -2.25, 0],
			"scale": [0.8, 0.8, 0.8]
		},
		"gui": {
			"rotation": [25, -41.75, 0],
			"translation": [0.5, 2.75, 0],
			"scale": [1.2, 1.2, 1.2]
		},
		"fixed": {
			"translation": [0, 4, -3.1]
		}
	},
	"groups": [
		{
			"name": "cubo1",
			"origin": [7, 0, 3],
			"color": 0,
			"children": [0, 1]
		},
		{
			"name": "cubo2",
			"origin": [7, 0, 3],
			"color": 0,
			"children": [2, 3]
		},
		4
	]
}